.\jfreechart-master\src\test\java\org\jfree\chart\AreaChartTest.java, org.jfree.chart, AreaChartTest, 96, 5, 19.200001
.\jfreechart-master\src\test\java\org\jfree\chart\BarChartTest.java, org.jfree.chart, BarChartTest, 93, 5, 18.600000
.\jfreechart-master\src\test\java\org\jfree\chart\ChartRenderingInfoTest.java, org.jfree.chart, ChartRenderingInfoTest, 65, 16, 4.062500
.\jfreechart-master\src\test\java\org\jfree\chart\GanttChartTest.java, org.jfree.chart, GanttChartTest, 174, 3, 58.000000
.\jfreechart-master\src\test\java\org\jfree\chart\JFreeChartTest.java, org.jfree.chart, JFreeChartTest, 294, 50, 5.880000
.\jfreechart-master\src\test\java\org\jfree\chart\LegendItemCollectionTest.java, org.jfree.chart, LegendItemCollectionTest, 56, 9, 6.222222
.\jfreechart-master\src\test\java\org\jfree\chart\LegendItemTest.java, org.jfree.chart, LegendItemTest, 257, 46, 5.586957
.\jfreechart-master\src\test\java\org\jfree\chart\LineChartTest.java, org.jfree.chart, LineChartTest, 90, 5, 18.000000
.\jfreechart-master\src\test\java\org\jfree\chart\MeterChartTest.java, org.jfree.chart, MeterChartTest, 22, 0, Infinity
.\jfreechart-master\src\test\java\org\jfree\chart\PieChartTest.java, org.jfree.chart, PieChartTest, 38, 2, 19.000000
.\jfreechart-master\src\test\java\org\jfree\chart\ScatterPlotTest.java, org.jfree.chart, ScatterPlotTest, 85, 4, 21.250000
.\jfreechart-master\src\test\java\org\jfree\chart\StackedAreaChartTest.java, org.jfree.chart, StackedAreaChartTest, 90, 5, 18.000000
.\jfreechart-master\src\test\java\org\jfree\chart\StackedBarChartTest.java, org.jfree.chart, StackedBarChartTest, 92, 5, 18.400000
.\jfreechart-master\src\test\java\org\jfree\chart\StandardChartThemeTest.java, org.jfree.chart, StandardChartThemeTest, 160, 61, 2.622951
.\jfreechart-master\src\test\java\org\jfree\chart\TestUtils.java, org.jfree.chart, TestUtils, 118, 33, 3.575758
.\jfreechart-master\src\test\java\org\jfree\chart\TimeSeriesChartTest.java, org.jfree.chart, TimeSeriesChartTest, 84, 4, 21.000000
.\jfreechart-master\src\test\java\org\jfree\chart\WaterfallChartTest.java, org.jfree.chart, WaterfallChartTest, 65, 2, 32.500000
.\jfreechart-master\src\test\java\org\jfree\chart\XYAreaChartTest.java, org.jfree.chart, XYAreaChartTest, 83, 4, 20.750000
.\jfreechart-master\src\test\java\org\jfree\chart\XYBarChartTest.java, org.jfree.chart, XYBarChartTest, 87, 4, 21.750000
.\jfreechart-master\src\test\java\org\jfree\chart\XYLineChartTest.java, org.jfree.chart, XYLineChartTest, 84, 4, 21.000000
.\jfreechart-master\src\test\java\org\jfree\chart\XYStepAreaChartTest.java, org.jfree.chart, XYStepAreaChartTest, 83, 4, 20.750000
.\jfreechart-master\src\test\java\org\jfree\chart\XYStepChartTest.java, org.jfree.chart, XYStepChartTest, 88, 4, 22.000000
.\jfreechart-master\src\test\java\org\jfree\chart\annotations\CategoryLineAnnotationTest.java, org.jfree.chart.annotations, CategoryLineAnnotationTest, 107, 27, 3.962963
.\jfreechart-master\src\test\java\org\jfree\chart\annotations\CategoryPointerAnnotationTest.java, org.jfree.chart.annotations, CategoryPointerAnnotationTest, 96, 30, 3.200000
.\jfreechart-master\src\test\java\org\jfree\chart\annotations\CategoryTextAnnotationTest.java, org.jfree.chart.annotations, CategoryTextAnnotationTest, 61, 14, 4.357143
.\jfreechart-master\src\test\java\org\jfree\chart\annotations\TextAnnotationTest.java, org.jfree.chart.annotations, TextAnnotationTest, 98, 22, 4.454545
.\jfreechart-master\src\test\java\org\jfree\chart\annotations\XYBoxAnnotationTest.java, org.jfree.chart.annotations, XYBoxAnnotationTest, 140, 21, 6.666667
.\jfreechart-master\src\test\java\org\jfree\chart\annotations\XYDrawableAnnotationTest.java, org.jfree.chart.annotations, XYDrawableAnnotationTest, 103, 18, 5.722222
.\jfreechart-master\src\test\java\org\jfree\chart\annotations\XYImageAnnotationTest.java, org.jfree.chart.annotations, XYImageAnnotationTest, 3, 10, 0.300000
.\jfreechart-master\src\test\java\org\jfree\chart\annotations\XYLineAnnotationTest.java, org.jfree.chart.annotations, XYLineAnnotationTest, 130, 33, 3.939394
.\jfreechart-master\src\test\java\org\jfree\chart\annotations\XYPointerAnnotationTest.java, org.jfree.chart.annotations, XYPointerAnnotationTest, 96, 30, 3.200000
.\jfreechart-master\src\test\java\org\jfree\chart\annotations\XYPolygonAnnotationTest.java, org.jfree.chart.annotations, XYPolygonAnnotationTest, 91, 17, 5.352941
.\jfreechart-master\src\test\java\org\jfree\chart\annotations\XYShapeAnnotationTest.java, org.jfree.chart.annotations, XYShapeAnnotationTest, 100, 17, 5.882353
.\jfreechart-master\src\test\java\org\jfree\chart\annotations\XYTextAnnotationTest.java, org.jfree.chart.annotations, XYTextAnnotationTest, 100, 32, 3.125000
.\jfreechart-master\src\test\java\org\jfree\chart\annotations\XYTitleAnnotationTest.java, org.jfree.chart.annotations, XYTitleAnnotationTest, 93, 13, 7.153846
.\jfreechart-master\src\test\java\org\jfree\chart\api\RectangleAlignmentTest.java, org.jfree.chart.api, RectangleAlignmentTest, 53, 12, 4.416667
.\jfreechart-master\src\test\java\org\jfree\chart\axis\AxisLocationTest.java, org.jfree.chart.axis, AxisLocationTest, 32, 8, 4.000000
.\jfreechart-master\src\test\java\org\jfree\chart\axis\AxisSpaceTest.java, org.jfree.chart.axis, AxisSpaceTest, 44, 14, 3.142857
.\jfreechart-master\src\test\java\org\jfree\chart\axis\AxisTest.java, org.jfree.chart.axis, AxisTest, 171, 57, 3.000000
.\jfreechart-master\src\test\java\org\jfree\chart\axis\CategoryAnchorTest.java, org.jfree.chart.axis, CategoryAnchorTest, 31, 9, 3.444444
.\jfreechart-master\src\test\java\org\jfree\chart\axis\CategoryAxisTest.java, org.jfree.chart.axis, CategoryAxisTest, 109, 38, 2.868421
.\jfreechart-master\src\test\java\org\jfree\chart\axis\CategoryLabelPositionsTest.java, org.jfree.chart.axis, CategoryLabelPositionsTest, 114, 12, 9.500000
.\jfreechart-master\src\test\java\org\jfree\chart\axis\CategoryLabelPositionTest.java, org.jfree.chart.axis, CategoryLabelPositionTest, 86, 17, 5.058824
.\jfreechart-master\src\test\java\org\jfree\chart\axis\CategoryLabelWidthTypeTest.java, org.jfree.chart.axis, CategoryLabelWidthTypeTest, 29, 6, 4.833333
.\jfreechart-master\src\test\java\org\jfree\chart\axis\CategoryTickTest.java, org.jfree.chart.axis, CategoryTickTest, 77, 17, 4.529412
.\jfreechart-master\src\test\java\org\jfree\chart\axis\CyclicNumberAxisTest.java, org.jfree.chart.axis, CyclicNumberAxisTest, 66, 19, 3.473684
.\jfreechart-master\src\test\java\org\jfree\chart\axis\DateAxisTest.java, org.jfree.chart.axis, DateAxisTest, 852, 203, 4.197044
.\jfreechart-master\src\test\java\org\jfree\chart\axis\DateTickMarkPositionTest.java, org.jfree.chart.axis, DateTickMarkPositionTest, 31, 10, 3.100000
.\jfreechart-master\src\test\java\org\jfree\chart\axis\DateTickTest.java, org.jfree.chart.axis, DateTickTest, 73, 19, 3.842105
.\jfreechart-master\src\test\java\org\jfree\chart\axis\DateTickUnitTest.java, org.jfree.chart.axis, DateTickUnitTest, 28, 4, 7.000000
.\jfreechart-master\src\test\java\org\jfree\chart\axis\ExtendedCategoryAxisTest.java, org.jfree.chart.axis, ExtendedCategoryAxisTest, 79, 24, 3.291667
.\jfreechart-master\src\test\java\org\jfree\chart\axis\LogarithmicAxisTest.java, org.jfree.chart.axis, LogarithmicAxisTest, 124, 13, 9.538462
.\jfreechart-master\src\test\java\org\jfree\chart\axis\LogAxisTest.java, org.jfree.chart.axis, LogAxisTest, 175, 35, 5.000000
.\jfreechart-master\src\test\java\org\jfree\chart\axis\MarkerAxisBandTest.java, org.jfree.chart.axis, MarkerAxisBandTest, 51, 14, 3.642857
.\jfreechart-master\src\test\java\org\jfree\chart\axis\ModuloAxisTest.java, org.jfree.chart.axis, ModuloAxisTest, 40, 9, 4.444445
.\jfreechart-master\src\test\java\org\jfree\chart\axis\MonthDateFormatTest.java, org.jfree.chart.axis, MonthDateFormatTest, 74, 18, 4.111111
.\jfreechart-master\src\test\java\org\jfree\chart\axis\NumberAxisTest.java, org.jfree.chart.axis, NumberAxisTest, 220, 61, 3.606557
.\jfreechart-master\src\test\java\org\jfree\chart\axis\NumberTickUnitTest.java, org.jfree.chart.axis, NumberTickUnitTest, 41, 9, 4.555555
.\jfreechart-master\src\test\java\org\jfree\chart\axis\PeriodAxisLabelInfoTest.java, org.jfree.chart.axis, PeriodAxisLabelInfoTest, 116, 26, 4.461538
.\jfreechart-master\src\test\java\org\jfree\chart\axis\PeriodAxisTest.java, org.jfree.chart.axis, PeriodAxisTest, 180, 47, 3.829787
.\jfreechart-master\src\test\java\org\jfree\chart\axis\QuarterDateFormatTest.java, org.jfree.chart.axis, QuarterDateFormatTest, 62, 14, 4.428571
.\jfreechart-master\src\test\java\org\jfree\chart\axis\StandardTickUnitSourceTest.java, org.jfree.chart.axis, StandardTickUnitSourceTest, 19, 2, 9.500000
.\jfreechart-master\src\test\java\org\jfree\chart\axis\SubCategoryAxisTest.java, org.jfree.chart.axis, SubCategoryAxisTest, 78, 14, 5.571429
.\jfreechart-master\src\test\java\org\jfree\chart\axis\SymbolAxisTest.java, org.jfree.chart.axis, SymbolAxisTest, 50, 16, 3.125000
.\jfreechart-master\src\test\java\org\jfree\chart\axis\TickUnitsTest.java, org.jfree.chart.axis, TickUnitsTest, 33, 6, 5.500000
.\jfreechart-master\src\test\java\org\jfree\chart\axis\ValueAxisTest.java, org.jfree.chart.axis, ValueAxisTest, 140, 39, 3.589744
.\jfreechart-master\src\test\java\org\jfree\chart\block\AbstractBlockTest.java, org.jfree.chart.block, AbstractBlockTest, 78, 26, 3.000000
.\jfreechart-master\src\test\java\org\jfree\chart\block\BlockBorderTest.java, org.jfree.chart.block, BlockBorderTest, 44, 8, 5.500000
.\jfreechart-master\src\test\java\org\jfree\chart\block\BlockContainerTest.java, org.jfree.chart.block, BlockContainerTest, 38, 10, 3.800000
.\jfreechart-master\src\test\java\org\jfree\chart\block\BorderArrangementTest.java, org.jfree.chart.block, BorderArrangementTest, 522, 154, 3.389610
.\jfreechart-master\src\test\java\org\jfree\chart\block\ColorBlockTest.java, org.jfree.chart.block, ColorBlockTest, 58, 14, 4.142857
.\jfreechart-master\src\test\java\org\jfree\chart\block\ColumnArrangementTest.java, org.jfree.chart.block, ColumnArrangementTest, 53, 12, 4.416667
.\jfreechart-master\src\test\java\org\jfree\chart\block\EmptyBlockTest.java, org.jfree.chart.block, EmptyBlockTest, 42, 10, 4.200000
.\jfreechart-master\src\test\java\org\jfree\chart\block\FlowArrangementTest.java, org.jfree.chart.block, FlowArrangementTest, 53, 12, 4.416667
.\jfreechart-master\src\test\java\org\jfree\chart\block\GridArrangementTest.java, org.jfree.chart.block, GridArrangementTest, 176, 38, 4.631579
.\jfreechart-master\src\test\java\org\jfree\chart\block\LabelBlockTest.java, org.jfree.chart.block, LabelBlockTest, 73, 20, 3.650000
.\jfreechart-master\src\test\java\org\jfree\chart\block\LineBorderTest.java, org.jfree.chart.block, LineBorderTest, 50, 10, 5.000000
.\jfreechart-master\src\test\java\org\jfree\chart\block\RectangleConstraintTest.java, org.jfree.chart.block, RectangleConstraintTest, 68, 18, 3.777778
.\jfreechart-master\src\test\java\org\jfree\chart\entity\CategoryItemEntityTest.java, org.jfree.chart.entity, CategoryItemEntityTest, 64, 11, 5.818182
.\jfreechart-master\src\test\java\org\jfree\chart\entity\CategoryLabelEntityTest.java, org.jfree.chart.entity, CategoryLabelEntityTest, 50, 13, 3.846154
.\jfreechart-master\src\test\java\org\jfree\chart\entity\FlowEntityTest.java, org.jfree.chart.entity, FlowEntityTest, 48, 14, 3.428571
.\jfreechart-master\src\test\java\org\jfree\chart\entity\LegendItemEntityTest.java, org.jfree.chart.entity, LegendItemEntityTest, 53, 15, 3.533333
.\jfreechart-master\src\test\java\org\jfree\chart\entity\PieSectionEntityTest.java, org.jfree.chart.entity, PieSectionEntityTest, 65, 19, 3.421053
.\jfreechart-master\src\test\java\org\jfree\chart\entity\StandardEntityCollectionTest.java, org.jfree.chart.entity, StandardEntityCollectionTest, 52, 9, 5.777778
.\jfreechart-master\src\test\java\org\jfree\chart\entity\TickLabelEntityTest.java, org.jfree.chart.entity, TickLabelEntityTest, 44, 11, 4.000000
.\jfreechart-master\src\test\java\org\jfree\chart\entity\XYItemEntityTest.java, org.jfree.chart.entity, XYItemEntityTest, 57, 15, 3.800000
.\jfreechart-master\src\test\java\org\jfree\chart\imagemap\DynamicDriveToolTipTagFragmentGeneratorTest.java, org.jfree.chart.imagemap, DynamicDriveToolTipTagFragmentGeneratorTest, 16, 2, 8.000000
.\jfreechart-master\src\test\java\org\jfree\chart\imagemap\ImageMapUtilsTest.java, org.jfree.chart.imagemap, ImageMapUtilsTest, 59, 17, 3.470588
.\jfreechart-master\src\test\java\org\jfree\chart\imagemap\OverLIBToolTipTagFragmentGeneratorTest.java, org.jfree.chart.imagemap, OverLIBToolTipTagFragmentGeneratorTest, 16, 2, 8.000000
.\jfreechart-master\src\test\java\org\jfree\chart\imagemap\StandardToolTipTagFragmentGeneratorTest.java, org.jfree.chart.imagemap, StandardToolTipTagFragmentGeneratorTest, 14, 2, 7.000000
.\jfreechart-master\src\test\java\org\jfree\chart\imagemap\StandardURLTagFragmentGeneratorTest.java, org.jfree.chart.imagemap, StandardURLTagFragmentGeneratorTest, 15, 3, 5.000000
.\jfreechart-master\src\test\java\org\jfree\chart\internal\ArgsTest.java, org.jfree.chart.internal, ArgsTest, 17, 2, 8.500000
.\jfreechart-master\src\test\java\org\jfree\chart\internal\CloneUtilsTest.java, org.jfree.chart.internal, CloneUtilsTest, 33, 5, 6.600000
.\jfreechart-master\src\test\java\org\jfree\chart\internal\HashUtilsTest.java, org.jfree.chart.internal, HashUtilsTest, 16, 2, 8.000000
.\jfreechart-master\src\test\java\org\jfree\chart\internal\LineUtilsTest.java, org.jfree.chart.internal, LineUtilsTest, 78, 34, 2.294118
.\jfreechart-master\src\test\java\org\jfree\chart\internal\SerialUtilsTest.java, org.jfree.chart.internal, SerialUtilsTest, 79, 3, 26.333334
.\jfreechart-master\src\test\java\org\jfree\chart\internal\ShapeUtilsTest.java, org.jfree.chart.internal, ShapeUtilsTest, 67, 13, 5.153846
.\jfreechart-master\src\test\java\org\jfree\chart\labels\BoxAndWhiskerToolTipGeneratorTest.java, org.jfree.chart.labels, BoxAndWhiskerToolTipGeneratorTest, 55, 12, 4.583333
.\jfreechart-master\src\test\java\org\jfree\chart\labels\BoxAndWhiskerXYToolTipGeneratorTest.java, org.jfree.chart.labels, BoxAndWhiskerXYToolTipGeneratorTest, 74, 15, 4.933333
.\jfreechart-master\src\test\java\org\jfree\chart\labels\BubbleXYItemLabelGeneratorTest.java, org.jfree.chart.labels, BubbleXYItemLabelGeneratorTest, 107, 27, 3.962963
.\jfreechart-master\src\test\java\org\jfree\chart\labels\CustomXYItemLabelGeneratorTest.java, org.jfree.chart.labels, CustomXYItemLabelGeneratorTest, 39, 5, 7.800000
.\jfreechart-master\src\test\java\org\jfree\chart\labels\HighLowItemLabelGeneratorTest.java, org.jfree.chart.labels, HighLowItemLabelGeneratorTest, 56, 13, 4.307693
.\jfreechart-master\src\test\java\org\jfree\chart\labels\IntervalCategoryItemLabelGeneratorTest.java, org.jfree.chart.labels, IntervalCategoryItemLabelGeneratorTest, 64, 13, 4.923077
.\jfreechart-master\src\test\java\org\jfree\chart\labels\IntervalCategoryToolTipGeneratorTest.java, org.jfree.chart.labels, IntervalCategoryToolTipGeneratorTest, 75, 14, 5.357143
.\jfreechart-master\src\test\java\org\jfree\chart\labels\ItemLabelAnchorTest.java, org.jfree.chart.labels, ItemLabelAnchorTest, 17, 3, 5.666667
.\jfreechart-master\src\test\java\org\jfree\chart\labels\ItemLabelPositionTest.java, org.jfree.chart.labels, ItemLabelPositionTest, 18, 2, 9.000000
.\jfreechart-master\src\test\java\org\jfree\chart\labels\MultipleXYSeriesLabelGeneratorTest.java, org.jfree.chart.labels, MultipleXYSeriesLabelGeneratorTest, 58, 15, 3.866667
.\jfreechart-master\src\test\java\org\jfree\chart\labels\StandardCategoryItemLabelGeneratorTest.java, org.jfree.chart.labels, StandardCategoryItemLabelGeneratorTest, 97, 19, 5.105263
.\jfreechart-master\src\test\java\org\jfree\chart\labels\StandardCategorySeriesLabelGeneratorTest.java, org.jfree.chart.labels, StandardCategorySeriesLabelGeneratorTest, 65, 12, 5.416667
.\jfreechart-master\src\test\java\org\jfree\chart\labels\StandardCategoryToolTipGeneratorTest.java, org.jfree.chart.labels, StandardCategoryToolTipGeneratorTest, 80, 16, 5.000000
.\jfreechart-master\src\test\java\org\jfree\chart\labels\StandardFlowLabelGeneratorTest.java, org.jfree.chart.labels, StandardFlowLabelGeneratorTest, 22, 3, 7.333333
.\jfreechart-master\src\test\java\org\jfree\chart\labels\StandardPieSectionLabelGeneratorTest.java, org.jfree.chart.labels, StandardPieSectionLabelGeneratorTest, 84, 19, 4.421052
.\jfreechart-master\src\test\java\org\jfree\chart\labels\StandardPieToolTipGeneratorTest.java, org.jfree.chart.labels, StandardPieToolTipGeneratorTest, 75, 19, 3.947368
.\jfreechart-master\src\test\java\org\jfree\chart\labels\StandardXYItemLabelGeneratorTest.java, org.jfree.chart.labels, StandardXYItemLabelGeneratorTest, 103, 32, 3.218750
.\jfreechart-master\src\test\java\org\jfree\chart\labels\StandardXYSeriesLabelGeneratorTest.java, org.jfree.chart.labels, StandardXYSeriesLabelGeneratorTest, 64, 13, 4.923077
.\jfreechart-master\src\test\java\org\jfree\chart\labels\StandardXYToolTipGeneratorTest.java, org.jfree.chart.labels, StandardXYToolTipGeneratorTest, 83, 21, 3.952381
.\jfreechart-master\src\test\java\org\jfree\chart\labels\StandardXYZToolTipGeneratorTest.java, org.jfree.chart.labels, StandardXYZToolTipGeneratorTest, 93, 23, 4.043478
.\jfreechart-master\src\test\java\org\jfree\chart\labels\SymbolicXYItemLabelGeneratorTest.java, org.jfree.chart.labels, SymbolicXYItemLabelGeneratorTest, 43, 9, 4.777778
.\jfreechart-master\src\test\java\org\jfree\chart\legend\LegendGraphicTest.java, org.jfree.chart.legend, LegendGraphicTest, 127, 41, 3.097561
.\jfreechart-master\src\test\java\org\jfree\chart\legend\LegendTitleTest.java, org.jfree.chart.legend, LegendTitleTest, 84, 22, 3.818182
.\jfreechart-master\src\test\java\org\jfree\chart\legend\PaintScaleLegendTest.java, org.jfree.chart.legend, PaintScaleLegendTest, 94, 28, 3.357143
.\jfreechart-master\src\test\java\org\jfree\chart\plot\CategoryMarkerTest.java, org.jfree.chart.plot, CategoryMarkerTest, 109, 25, 4.360000
.\jfreechart-master\src\test\java\org\jfree\chart\plot\CategoryPlotTest.java, org.jfree.chart.plot, CategoryPlotTest, 931, 220, 4.231818
.\jfreechart-master\src\test\java\org\jfree\chart\plot\CombinedDomainCategoryPlotTest.java, org.jfree.chart.plot, CombinedDomainCategoryPlotTest, 161, 9, 17.888889
.\jfreechart-master\src\test\java\org\jfree\chart\plot\CombinedDomainXYPlotTest.java, org.jfree.chart.plot, CombinedDomainXYPlotTest, 163, 10, 16.299999
.\jfreechart-master\src\test\java\org\jfree\chart\plot\CombinedRangeCategoryPlotTest.java, org.jfree.chart.plot, CombinedRangeCategoryPlotTest, 161, 8, 20.125000
.\jfreechart-master\src\test\java\org\jfree\chart\plot\CombinedRangeXYPlotTest.java, org.jfree.chart.plot, CombinedRangeXYPlotTest, 157, 9, 17.444445
.\jfreechart-master\src\test\java\org\jfree\chart\plot\CrosshairTest.java, org.jfree.chart.plot, CrosshairTest, 111, 39, 2.846154
.\jfreechart-master\src\test\java\org\jfree\chart\plot\DefaultDrawingSupplierTest.java, org.jfree.chart.plot, DefaultDrawingSupplierTest, 111, 27, 4.111111
.\jfreechart-master\src\test\java\org\jfree\chart\plot\FastScatterPlotTest.java, org.jfree.chart.plot, FastScatterPlotTest, 139, 38, 3.657895
.\jfreechart-master\src\test\java\org\jfree\chart\plot\IntervalMarkerTest.java, org.jfree.chart.plot, IntervalMarkerTest, 73, 18, 4.055555
.\jfreechart-master\src\test\java\org\jfree\chart\plot\MarkerTest.java, org.jfree.chart.plot, MarkerTest, 244, 55, 4.436364
.\jfreechart-master\src\test\java\org\jfree\chart\plot\MeterIntervalTest.java, org.jfree.chart.plot, MeterIntervalTest, 43, 6, 7.166667
.\jfreechart-master\src\test\java\org\jfree\chart\plot\MeterPlotTest.java, org.jfree.chart.plot, MeterPlotTest, 144, 49, 2.938776
.\jfreechart-master\src\test\java\org\jfree\chart\plot\MyPlotChangeListener.java, org.jfree.chart.plot, MyPlotChangeListener, 19, 0, Infinity
.\jfreechart-master\src\test\java\org\jfree\chart\plot\PlotOrientationTest.java, org.jfree.chart.plot, PlotOrientationTest, 21, 6, 3.500000
.\jfreechart-master\src\test\java\org\jfree\chart\plot\PlotRenderingInfoTest.java, org.jfree.chart.plot, PlotRenderingInfoTest, 56, 18, 3.111111
.\jfreechart-master\src\test\java\org\jfree\chart\plot\PlotTest.java, org.jfree.chart.plot, PlotTest, 90, 30, 3.000000
.\jfreechart-master\src\test\java\org\jfree\chart\plot\PolarPlotTest.java, org.jfree.chart.plot, PolarPlotTest, 269, 89, 3.022472
.\jfreechart-master\src\test\java\org\jfree\chart\plot\RingPlotTest.java, org.jfree.chart.plot, RingPlotTest, 90, 28, 3.214286
.\jfreechart-master\src\test\java\org\jfree\chart\plot\SpiderWebPlotTest.java, org.jfree.chart.plot, SpiderWebPlotTest, 213, 69, 3.086957
.\jfreechart-master\src\test\java\org\jfree\chart\plot\ThermometerPlotTest.java, org.jfree.chart.plot, ThermometerPlotTest, 111, 37, 3.000000
.\jfreechart-master\src\test\java\org\jfree\chart\plot\ValueMarkerTest.java, org.jfree.chart.plot, ValueMarkerTest, 140, 42, 3.333333
.\jfreechart-master\src\test\java\org\jfree\chart\plot\XYPlotTest.java, org.jfree.chart.plot, XYPlotTest, 1029, 241, 4.269710
.\jfreechart-master\src\test\java\org\jfree\chart\plot\compass\ArrowNeedleTest.java, org.jfree.chart.plot.compass, ArrowNeedleTest, 32, 8, 4.000000
.\jfreechart-master\src\test\java\org\jfree\chart\plot\compass\CompassPlotTest.java, org.jfree.chart.plot.compass, CompassPlotTest, 67, 17, 3.941176
.\jfreechart-master\src\test\java\org\jfree\chart\plot\compass\LineNeedleTest.java, org.jfree.chart.plot.compass, LineNeedleTest, 28, 6, 4.666667
.\jfreechart-master\src\test\java\org\jfree\chart\plot\compass\LongNeedleTest.java, org.jfree.chart.plot.compass, LongNeedleTest, 28, 6, 4.666667
.\jfreechart-master\src\test\java\org\jfree\chart\plot\compass\MeterNeedleTest.java, org.jfree.chart.plot.compass, MeterNeedleTest, 44, 15, 2.933333
.\jfreechart-master\src\test\java\org\jfree\chart\plot\compass\MiddlePinNeedleTest.java, org.jfree.chart.plot.compass, MiddlePinNeedleTest, 28, 6, 4.666667
.\jfreechart-master\src\test\java\org\jfree\chart\plot\compass\PinNeedleTest.java, org.jfree.chart.plot.compass, PinNeedleTest, 28, 6, 4.666667
.\jfreechart-master\src\test\java\org\jfree\chart\plot\compass\PlumNeedleTest.java, org.jfree.chart.plot.compass, PlumNeedleTest, 28, 6, 4.666667
.\jfreechart-master\src\test\java\org\jfree\chart\plot\compass\PointerNeedleTest.java, org.jfree.chart.plot.compass, PointerNeedleTest, 28, 6, 4.666667
.\jfreechart-master\src\test\java\org\jfree\chart\plot\compass\ShipNeedleTest.java, org.jfree.chart.plot.compass, ShipNeedleTest, 28, 6, 4.666667
.\jfreechart-master\src\test\java\org\jfree\chart\plot\compass\WindNeedleTest.java, org.jfree.chart.plot.compass, WindNeedleTest, 28, 6, 4.666667
.\jfreechart-master\src\test\java\org\jfree\chart\plot\dial\AbstractDialLayerTest.java, org.jfree.chart.plot.dial, AbstractDialLayerTest, 39, 11, 3.545455
.\jfreechart-master\src\test\java\org\jfree\chart\plot\dial\ArcDialFrameTest.java, org.jfree.chart.plot.dial, ArcDialFrameTest, 79, 25, 3.160000
.\jfreechart-master\src\test\java\org\jfree\chart\plot\dial\DialBackgroundTest.java, org.jfree.chart.plot.dial, DialBackgroundTest, 75, 19, 3.947368
.\jfreechart-master\src\test\java\org\jfree\chart\plot\dial\DialCapTest.java, org.jfree.chart.plot.dial, DialCapTest, 84, 22, 3.818182
.\jfreechart-master\src\test\java\org\jfree\chart\plot\dial\DialPlotTest.java, org.jfree.chart.plot.dial, DialPlotTest, 172, 37, 4.648649
.\jfreechart-master\src\test\java\org\jfree\chart\plot\dial\DialPointerTest.java, org.jfree.chart.plot.dial, DialPointerTest, 85, 24, 3.541667
.\jfreechart-master\src\test\java\org\jfree\chart\plot\dial\DialTextAnnotationTest.java, org.jfree.chart.plot.dial, DialTextAnnotationTest, 73, 22, 3.318182
.\jfreechart-master\src\test\java\org\jfree\chart\plot\dial\DialValueIndicatorTest.java, org.jfree.chart.plot.dial, DialValueIndicatorTest, 109, 37, 2.945946
.\jfreechart-master\src\test\java\org\jfree\chart\plot\dial\MyDialLayerChangeListener.java, org.jfree.chart.plot.dial, MyDialLayerChangeListener, 8, 0, Infinity
.\jfreechart-master\src\test\java\org\jfree\chart\plot\dial\StandardDialFrameTest.java, org.jfree.chart.plot.dial, StandardDialFrameTest, 67, 19, 3.526316
.\jfreechart-master\src\test\java\org\jfree\chart\plot\dial\StandardDialRangeTest.java, org.jfree.chart.plot.dial, StandardDialRangeTest, 60, 17, 3.529412
.\jfreechart-master\src\test\java\org\jfree\chart\plot\dial\StandardDialScaleTest.java, org.jfree.chart.plot.dial, StandardDialScaleTest, 155, 61, 2.540984
.\jfreechart-master\src\test\java\org\jfree\chart\plot\flow\FlowPlotTest.java, org.jfree.chart.plot.flow, FlowPlotTest, 196, 42, 4.666667
.\jfreechart-master\src\test\java\org\jfree\chart\plot\pie\MultiplePiePlotTest.java, org.jfree.chart.plot.pie, MultiplePiePlotTest, 110, 32, 3.437500
.\jfreechart-master\src\test\java\org\jfree\chart\plot\pie\PieLabelRecordTest.java, org.jfree.chart.plot.pie, PieLabelRecordTest, 58, 18, 3.222222
.\jfreechart-master\src\test\java\org\jfree\chart\plot\pie\PiePlotTest.java, org.jfree.chart.plot.pie, PiePlotTest, 472, 142, 3.323944
.\jfreechart-master\src\test\java\org\jfree\chart\renderer\AbstractRendererTest.java, org.jfree.chart.renderer, AbstractRendererTest, 558, 185, 3.016216
.\jfreechart-master\src\test\java\org\jfree\chart\renderer\AreaRendererEndTypeTest.java, org.jfree.chart.renderer, AreaRendererEndTypeTest, 21, 5, 4.200000
.\jfreechart-master\src\test\java\org\jfree\chart\renderer\DefaultPolarItemRendererTest.java, org.jfree.chart.renderer, DefaultPolarItemRendererTest, 44, 11, 4.000000
.\jfreechart-master\src\test\java\org\jfree\chart\renderer\GrayPaintScaleTest.java, org.jfree.chart.renderer, GrayPaintScaleTest, 64, 20, 3.200000
.\jfreechart-master\src\test\java\org\jfree\chart\renderer\LookupPaintScaleTest.java, org.jfree.chart.renderer, LookupPaintScaleTest, 108, 49, 2.204082
.\jfreechart-master\src\test\java\org\jfree\chart\renderer\OutlierTest.java, org.jfree.chart.renderer, OutlierTest, 44, 13, 3.384615
.\jfreechart-master\src\test\java\org\jfree\chart\renderer\RendererChangeDetector.java, org.jfree.chart.renderer, RendererChangeDetector, 19, 0, Infinity
.\jfreechart-master\src\test\java\org\jfree\chart\renderer\RendererUtilsTest.java, org.jfree.chart.renderer, RendererUtilsTest, 235, 120, 1.958333
.\jfreechart-master\src\test\java\org\jfree\chart\renderer\category\AbstractCategoryItemRendererTest.java, org.jfree.chart.renderer.category, AbstractCategoryItemRendererTest, 209, 65, 3.215385
.\jfreechart-master\src\test\java\org\jfree\chart\renderer\category\AreaRendererTest.java, org.jfree.chart.renderer.category, AreaRendererTest, 80, 13, 6.153846
.\jfreechart-master\src\test\java\org\jfree\chart\renderer\category\BarRendererTest.java, org.jfree.chart.renderer.category, BarRendererTest, 183, 50, 3.660000
.\jfreechart-master\src\test\java\org\jfree\chart\renderer\category\BoxAndWhiskerRendererTest.java, org.jfree.chart.renderer.category, BoxAndWhiskerRendererTest, 387, 38, 10.184211
.\jfreechart-master\src\test\java\org\jfree\chart\renderer\category\CategoryStepRendererTest.java, org.jfree.chart.renderer.category, CategoryStepRendererTest, 62, 11, 5.636364
.\jfreechart-master\src\test\java\org\jfree\chart\renderer\category\DefaultCategoryItemRendererTest.java, org.jfree.chart.renderer.category, DefaultCategoryItemRendererTest, 44, 8, 5.500000
.\jfreechart-master\src\test\java\org\jfree\chart\renderer\category\GanttRendererTest.java, org.jfree.chart.renderer.category, GanttRendererTest, 67, 16, 4.187500
.\jfreechart-master\src\test\java\org\jfree\chart\renderer\category\GradientBarPainterTest.java, org.jfree.chart.renderer.category, GradientBarPainterTest, 46, 12, 3.833333
.\jfreechart-master\src\test\java\org\jfree\chart\renderer\category\GroupedStackedBarRendererTest.java, org.jfree.chart.renderer.category, GroupedStackedBarRendererTest, 96, 16, 6.000000
.\jfreechart-master\src\test\java\org\jfree\chart\renderer\category\IntervalBarRendererTest.java, org.jfree.chart.renderer.category, IntervalBarRendererTest, 89, 14, 6.357143
.\jfreechart-master\src\test\java\org\jfree\chart\renderer\category\LayeredBarRendererTest.java, org.jfree.chart.renderer.category, LayeredBarRendererTest, 78, 12, 6.500000
.\jfreechart-master\src\test\java\org\jfree\chart\renderer\category\LevelRendererTest.java, org.jfree.chart.renderer.category, LevelRendererTest, 107, 17, 6.294117
.\jfreechart-master\src\test\java\org\jfree\chart\renderer\category\LineAndShapeRendererTest.java, org.jfree.chart.renderer.category, LineAndShapeRendererTest, 177, 37, 4.783784
.\jfreechart-master\src\test\java\org\jfree\chart\renderer\category\MinMaxCategoryRendererTest.java, org.jfree.chart.renderer.category, MinMaxCategoryRendererTest, 82, 14, 5.857143
.\jfreechart-master\src\test\java\org\jfree\chart\renderer\category\ScatterRendererTest.java, org.jfree.chart.renderer.category, ScatterRendererTest, 115, 28, 4.107143
.\jfreechart-master\src\test\java\org\jfree\chart\renderer\category\StackedAreaRendererTest.java, org.jfree.chart.renderer.category, StackedAreaRendererTest, 67, 17, 3.941176
.\jfreechart-master\src\test\java\org\jfree\chart\renderer\category\StackedBarRendererTest.java, org.jfree.chart.renderer.category, StackedBarRendererTest, 68, 18, 3.777778
.\jfreechart-master\src\test\java\org\jfree\chart\renderer\category\StandardBarPainterTest.java, org.jfree.chart.renderer.category, StandardBarPainterTest, 36, 6, 6.000000
.\jfreechart-master\src\test\java\org\jfree\chart\renderer\category\StatisticalBarRendererTest.java, org.jfree.chart.renderer.category, StatisticalBarRendererTest, 169, 20, 8.450000
.\jfreechart-master\src\test\java\org\jfree\chart\renderer\category\StatisticalLineAndShapeRendererTest.java, org.jfree.chart.renderer.category, StatisticalLineAndShapeRendererTest, 108, 22, 4.909091
.\jfreechart-master\src\test\java\org\jfree\chart\renderer\category\WaterfallBarRendererTest.java, org.jfree.chart.renderer.category, WaterfallBarRendererTest, 72, 31, 2.322581
.\jfreechart-master\src\test\java\org\jfree\chart\renderer\xy\AbstractXYItemRendererTest.java, org.jfree.chart.renderer.xy, AbstractXYItemRendererTest, 96, 20, 4.800000
.\jfreechart-master\src\test\java\org\jfree\chart\renderer\xy\CandlestickRendererTest.java, org.jfree.chart.renderer.xy, CandlestickRendererTest, 125, 38, 3.289474
.\jfreechart-master\src\test\java\org\jfree\chart\renderer\xy\ClusteredXYBarRendererTest.java, org.jfree.chart.renderer.xy, ClusteredXYBarRendererTest, 90, 18, 5.000000
.\jfreechart-master\src\test\java\org\jfree\chart\renderer\xy\DeviationRendererTest.java, org.jfree.chart.renderer.xy, DeviationRendererTest, 46, 11, 4.181818
.\jfreechart-master\src\test\java\org\jfree\chart\renderer\xy\DeviationStepRendererTest.java, org.jfree.chart.renderer.xy, DeviationStepRendererTest, 46, 11, 4.181818
.\jfreechart-master\src\test\java\org\jfree\chart\renderer\xy\GradientXYBarPainterTest.java, org.jfree.chart.renderer.xy, GradientXYBarPainterTest, 46, 12, 3.833333
.\jfreechart-master\src\test\java\org\jfree\chart\renderer\xy\HighLowRendererTest.java, org.jfree.chart.renderer.xy, HighLowRendererTest, 94, 22, 4.272727
.\jfreechart-master\src\test\java\org\jfree\chart\renderer\xy\RendererXYPackageUtils.java, org.jfree.chart.renderer.xy, RendererXYPackageUtils, 31, 0, Infinity
.\jfreechart-master\src\test\java\org\jfree\chart\renderer\xy\StackedXYAreaRenderer2Test.java, org.jfree.chart.renderer.xy, StackedXYAreaRenderer2Test, 96, 16, 6.000000
.\jfreechart-master\src\test\java\org\jfree\chart\renderer\xy\StackedXYAreaRendererTest.java, org.jfree.chart.renderer.xy, StackedXYAreaRendererTest, 136, 15, 9.066667
.\jfreechart-master\src\test\java\org\jfree\chart\renderer\xy\StackedXYBarRendererTest.java, org.jfree.chart.renderer.xy, StackedXYBarRendererTest, 93, 18, 5.166667
.\jfreechart-master\src\test\java\org\jfree\chart\renderer\xy\StandardXYBarPainterTest.java, org.jfree.chart.renderer.xy, StandardXYBarPainterTest, 36, 6, 6.000000
.\jfreechart-master\src\test\java\org\jfree\chart\renderer\xy\StandardXYItemRendererTest.java, org.jfree.chart.renderer.xy, StandardXYItemRendererTest, 160, 36, 4.444445
.\jfreechart-master\src\test\java\org\jfree\chart\renderer\xy\VectorRendererTest.java, org.jfree.chart.renderer.xy, VectorRendererTest, 47, 11, 4.272727
.\jfreechart-master\src\test\java\org\jfree\chart\renderer\xy\WindItemRendererTest.java, org.jfree.chart.renderer.xy, WindItemRendererTest, 41, 8, 5.125000
.\jfreechart-master\src\test\java\org\jfree\chart\renderer\xy\XYAreaRenderer2Test.java, org.jfree.chart.renderer.xy, XYAreaRenderer2Test, 115, 16, 7.187500
.\jfreechart-master\src\test\java\org\jfree\chart\renderer\xy\XYAreaRendererTest.java, org.jfree.chart.renderer.xy, XYAreaRendererTest, 153, 32, 4.781250
.\jfreechart-master\src\test\java\org\jfree\chart\renderer\xy\XYBarRendererTest.java, org.jfree.chart.renderer.xy, XYBarRendererTest, 235, 55, 4.272727
.\jfreechart-master\src\test\java\org\jfree\chart\renderer\xy\XYBlockRendererTest.java, org.jfree.chart.renderer.xy, XYBlockRendererTest, 116, 27, 4.296296
.\jfreechart-master\src\test\java\org\jfree\chart\renderer\xy\XYBoxAndWhiskerRendererTest.java, org.jfree.chart.renderer.xy, XYBoxAndWhiskerRendererTest, 92, 18, 5.111111
.\jfreechart-master\src\test\java\org\jfree\chart\renderer\xy\XYBubbleRendererTest.java, org.jfree.chart.renderer.xy, XYBubbleRendererTest, 90, 13, 6.923077
.\jfreechart-master\src\test\java\org\jfree\chart\renderer\xy\XYDifferenceRendererTest.java, org.jfree.chart.renderer.xy, XYDifferenceRendererTest, 115, 23, 5.000000
.\jfreechart-master\src\test\java\org\jfree\chart\renderer\xy\XYDotRendererTest.java, org.jfree.chart.renderer.xy, XYDotRendererTest, 95, 19, 5.000000
.\jfreechart-master\src\test\java\org\jfree\chart\renderer\xy\XYErrorRendererTest.java, org.jfree.chart.renderer.xy, XYErrorRendererTest, 97, 24, 4.041667
.\jfreechart-master\src\test\java\org\jfree\chart\renderer\xy\XYLineAndShapeRendererTest.java, org.jfree.chart.renderer.xy, XYLineAndShapeRendererTest, 196, 54, 3.629630
.\jfreechart-master\src\test\java\org\jfree\chart\renderer\xy\XYShapeRendererTest.java, org.jfree.chart.renderer.xy, XYShapeRendererTest, 103, 33, 3.121212
.\jfreechart-master\src\test\java\org\jfree\chart\renderer\xy\XYSplineRendererTest.java, org.jfree.chart.renderer.xy, XYSplineRendererTest, 69, 17, 4.058824
.\jfreechart-master\src\test\java\org\jfree\chart\renderer\xy\XYStepAreaRendererTest.java, org.jfree.chart.renderer.xy, XYStepAreaRendererTest, 98, 20, 4.900000
.\jfreechart-master\src\test\java\org\jfree\chart\renderer\xy\XYStepRendererTest.java, org.jfree.chart.renderer.xy, XYStepRendererTest, 110, 12, 9.166667
.\jfreechart-master\src\test\java\org\jfree\chart\renderer\xy\YIntervalRendererTest.java, org.jfree.chart.renderer.xy, YIntervalRendererTest, 152, 43, 3.534884
.\jfreechart-master\src\test\java\org\jfree\chart\swing\ChartPanelTest.java, org.jfree.chart.swing, ChartPanelTest, 216, 23, 9.391304
.\jfreechart-master\src\test\java\org\jfree\chart\swing\CrosshairOverlayTest.java, org.jfree.chart.swing, CrosshairOverlayTest, 40, 6, 6.666667
.\jfreechart-master\src\test\java\org\jfree\chart\text\format\HMSNumberFormatTest.java, org.jfree.chart.text.format, HMSNumberFormatTest, 16, 6, 2.666667
.\jfreechart-master\src\test\java\org\jfree\chart\text\format\LogFormatTest.java, org.jfree.chart.text.format, LogFormatTest, 53, 15, 3.533333
.\jfreechart-master\src\test\java\org\jfree\chart\text\format\RelativeDateFormatTest.java, org.jfree.chart.text.format, RelativeDateFormatTest, 127, 30, 4.233333
.\jfreechart-master\src\test\java\org\jfree\chart\title\CompositeTitleTest.java, org.jfree.chart.title, CompositeTitleTest, 83, 19, 4.368421
.\jfreechart-master\src\test\java\org\jfree\chart\title\DateTitleTest.java, org.jfree.chart.title, DateTitleTest, 55, 15, 3.666667
.\jfreechart-master\src\test\java\org\jfree\chart\title\ImageTitleTest.java, org.jfree.chart.title, ImageTitleTest, 6, 16, 0.375000
.\jfreechart-master\src\test\java\org\jfree\chart\title\ShortTextTitleTest.java, org.jfree.chart.title, ShortTextTitleTest, 40, 9, 4.444445
.\jfreechart-master\src\test\java\org\jfree\chart\title\TextTitleTest.java, org.jfree.chart.title, TextTitleTest, 81, 25, 3.240000
.\jfreechart-master\src\test\java\org\jfree\chart\title\TitleTest.java, org.jfree.chart.title, TitleTest, 39, 11, 3.545455
.\jfreechart-master\src\test\java\org\jfree\chart\urls\CustomCategoryURLGeneratorTest.java, org.jfree.chart.urls, CustomCategoryURLGeneratorTest, 84, 17, 4.941176
.\jfreechart-master\src\test\java\org\jfree\chart\urls\CustomPieURLGeneratorTest.java, org.jfree.chart.urls, CustomPieURLGeneratorTest, 51, 9, 5.666667
.\jfreechart-master\src\test\java\org\jfree\chart\urls\CustomXYURLGeneratorTest.java, org.jfree.chart.urls, CustomXYURLGeneratorTest, 84, 17, 4.941176
.\jfreechart-master\src\test\java\org\jfree\chart\urls\StandardCategoryURLGeneratorTest.java, org.jfree.chart.urls, StandardCategoryURLGeneratorTest, 55, 13, 4.230769
.\jfreechart-master\src\test\java\org\jfree\chart\urls\StandardPieURLGeneratorTest.java, org.jfree.chart.urls, StandardPieURLGeneratorTest, 59, 15, 3.933333
.\jfreechart-master\src\test\java\org\jfree\chart\urls\StandardXYURLGeneratorTest.java, org.jfree.chart.urls, StandardXYURLGeneratorTest, 19, 2, 9.500000
.\jfreechart-master\src\test\java\org\jfree\chart\urls\TimeSeriesURLGeneratorTest.java, org.jfree.chart.urls, TimeSeriesURLGeneratorTest, 65, 14, 4.642857
.\jfreechart-master\src\test\java\org\jfree\data\ComparableObjectItemTest.java, org.jfree.data, ComparableObjectItemTest, 60, 13, 4.615385
.\jfreechart-master\src\test\java\org\jfree\data\ComparableObjectSeriesTest.java, org.jfree.data, ComparableObjectSeriesTest, 110, 34, 3.235294
.\jfreechart-master\src\test\java\org\jfree\data\DatasetChangeConfirmation.java, org.jfree.data, DatasetChangeConfirmation, 10, 0, Infinity
.\jfreechart-master\src\test\java\org\jfree\data\DataUtilsTest.java, org.jfree.data, DataUtilsTest, 155, 51, 3.039216
.\jfreechart-master\src\test\java\org\jfree\data\DefaultKeyedValues2DTest.java, org.jfree.data, DefaultKeyedValues2DTest, 210, 48, 4.375000
.\jfreechart-master\src\test\java\org\jfree\data\DefaultKeyedValuesTest.java, org.jfree.data, DefaultKeyedValuesTest, 308, 107, 2.878505
.\jfreechart-master\src\test\java\org\jfree\data\DefaultKeyedValueTest.java, org.jfree.data, DefaultKeyedValueTest, 60, 16, 3.750000
.\jfreechart-master\src\test\java\org\jfree\data\DomainOrderTest.java, org.jfree.data, DomainOrderTest, 36, 15, 2.400000
.\jfreechart-master\src\test\java\org\jfree\data\KeyedObjects2DTest.java, org.jfree.data, KeyedObjects2DTest, 263, 51, 5.156863
.\jfreechart-master\src\test\java\org\jfree\data\KeyedObjectsTest.java, org.jfree.data, KeyedObjectsTest, 223, 55, 4.054545
.\jfreechart-master\src\test\java\org\jfree\data\KeyedObjectTest.java, org.jfree.data, KeyedObjectTest, 53, 16, 3.312500
.\jfreechart-master\src\test\java\org\jfree\data\KeyToGroupMapTest.java, org.jfree.data, KeyToGroupMapTest, 123, 37, 3.324324
.\jfreechart-master\src\test\java\org\jfree\data\RangeTest.java, org.jfree.data, RangeTest, 214, 82, 2.609756
.\jfreechart-master\src\test\java\org\jfree\data\RangeTypeTest.java, org.jfree.data, RangeTypeTest, 36, 15, 2.400000
.\jfreechart-master\src\test\java\org\jfree\data\category\CategoryToPieDatasetTest.java, org.jfree.data.category, CategoryToPieDatasetTest, 118, 17, 6.941176
.\jfreechart-master\src\test\java\org\jfree\data\category\DefaultCategoryDatasetTest.java, org.jfree.data.category, DefaultCategoryDatasetTest, 246, 51, 4.823529
.\jfreechart-master\src\test\java\org\jfree\data\category\DefaultIntervalCategoryDatasetTest.java, org.jfree.data.category, DefaultIntervalCategoryDatasetTest, 304, 46, 6.608696
.\jfreechart-master\src\test\java\org\jfree\data\category\SlidingCategoryDatasetTest.java, org.jfree.data.category, SlidingCategoryDatasetTest, 172, 42, 4.095238
.\jfreechart-master\src\test\java\org\jfree\data\flow\DefaultFlowDatasetTest.java, org.jfree.data.flow, DefaultFlowDatasetTest, 58, 14, 4.142857
.\jfreechart-master\src\test\java\org\jfree\data\flow\FlowKeyTest.java, org.jfree.data.flow, FlowKeyTest, 36, 10, 3.600000
.\jfreechart-master\src\test\java\org\jfree\data\flow\NodeKeyTest.java, org.jfree.data.flow, NodeKeyTest, 36, 10, 3.600000
.\jfreechart-master\src\test\java\org\jfree\data\function\LineFunction2DTest.java, org.jfree.data.function, LineFunction2DTest, 36, 7, 5.142857
.\jfreechart-master\src\test\java\org\jfree\data\function\NormalDistributionFunction2DTest.java, org.jfree.data.function, NormalDistributionFunction2DTest, 42, 7, 6.000000
.\jfreechart-master\src\test\java\org\jfree\data\function\PolynomialFunction2DTest.java, org.jfree.data.function, PolynomialFunction2DTest, 63, 10, 6.300000
.\jfreechart-master\src\test\java\org\jfree\data\function\PowerFunction2DTest.java, org.jfree.data.function, PowerFunction2DTest, 35, 7, 5.000000
.\jfreechart-master\src\test\java\org\jfree\data\gantt\SlidingGanttCategoryDatasetTest.java, org.jfree.data.gantt, SlidingGanttCategoryDatasetTest, 106, 17, 6.235294
.\jfreechart-master\src\test\java\org\jfree\data\gantt\TaskSeriesCollectionTest.java, org.jfree.data.gantt, TaskSeriesCollectionTest, 430, 132, 3.257576
.\jfreechart-master\src\test\java\org\jfree\data\gantt\TaskSeriesTest.java, org.jfree.data.gantt, TaskSeriesTest, 57, 13, 4.384615
.\jfreechart-master\src\test\java\org\jfree\data\gantt\TaskTest.java, org.jfree.data.gantt, TaskTest, 60, 19, 3.157895
.\jfreechart-master\src\test\java\org\jfree\data\gantt\XYTaskDatasetTest.java, org.jfree.data.gantt, XYTaskDatasetTest, 72, 15, 4.800000
.\jfreechart-master\src\test\java\org\jfree\data\general\DatasetUtilsTest.java, org.jfree.data.general, DatasetUtilsTest, 1056, 265, 3.984906
.\jfreechart-master\src\test\java\org\jfree\data\general\DefaultHeatMapDatasetTest.java, org.jfree.data.general, DefaultHeatMapDatasetTest, 108, 38, 2.842105
.\jfreechart-master\src\test\java\org\jfree\data\general\DefaultKeyedValueDatasetTest.java, org.jfree.data.general, DefaultKeyedValueDatasetTest, 45, 11, 4.090909
.\jfreechart-master\src\test\java\org\jfree\data\general\DefaultKeyedValues2DDatasetTest.java, org.jfree.data.general, DefaultKeyedValues2DDatasetTest, 28, 4, 7.000000
.\jfreechart-master\src\test\java\org\jfree\data\general\DefaultKeyedValuesDatasetTest.java, org.jfree.data.general, DefaultKeyedValuesDatasetTest, 28, 4, 7.000000
.\jfreechart-master\src\test\java\org\jfree\data\general\DefaultPieDatasetTest.java, org.jfree.data.general, DefaultPieDatasetTest, 96, 20, 4.800000
.\jfreechart-master\src\test\java\org\jfree\data\general\IntervalDataItem.java, org.jfree.data.general, IntervalDataItem, 20, 0, Infinity
.\jfreechart-master\src\test\java\org\jfree\data\general\TestIntervalCategoryDataset.java, org.jfree.data.general, TestIntervalCategoryDataset, 193, 0, Infinity
.\jfreechart-master\src\test\java\org\jfree\data\general\TestIntervalXYZDataset.java, org.jfree.data.general, TestIntervalXYZDataset, 91, 0, Infinity
.\jfreechart-master\src\test\java\org\jfree\data\statistics\BoxAndWhiskerCalculatorTest.java, org.jfree.data.statistics, BoxAndWhiskerCalculatorTest, 93, 19, 4.894737
.\jfreechart-master\src\test\java\org\jfree\data\statistics\BoxAndWhiskerItemTest.java, org.jfree.data.statistics, BoxAndWhiskerItemTest, 24, 3, 8.000000
.\jfreechart-master\src\test\java\org\jfree\data\statistics\DefaultBoxAndWhiskerCategoryDatasetTest.java, org.jfree.data.statistics, DefaultBoxAndWhiskerCategoryDatasetTest, 172, 46, 3.739130
.\jfreechart-master\src\test\java\org\jfree\data\statistics\DefaultBoxAndWhiskerXYDatasetTest.java, org.jfree.data.statistics, DefaultBoxAndWhiskerXYDatasetTest, 97, 29, 3.344828
.\jfreechart-master\src\test\java\org\jfree\data\statistics\DefaultMultiValueCategoryDatasetTest.java, org.jfree.data.statistics, DefaultMultiValueCategoryDatasetTest, 152, 32, 4.750000
.\jfreechart-master\src\test\java\org\jfree\data\statistics\DefaultStatisticalCategoryDatasetTest.java, org.jfree.data.statistics, DefaultStatisticalCategoryDatasetTest, 160, 46, 3.478261
.\jfreechart-master\src\test\java\org\jfree\data\statistics\HistogramBinTest.java, org.jfree.data.statistics, HistogramBinTest, 33, 5, 6.600000
.\jfreechart-master\src\test\java\org\jfree\data\statistics\HistogramDatasetTest.java, org.jfree.data.statistics, HistogramDatasetTest, 141, 51, 2.764706
.\jfreechart-master\src\test\java\org\jfree\data\statistics\MeanAndStandardDeviationTest.java, org.jfree.data.statistics, MeanAndStandardDeviationTest, 32, 8, 4.000000
.\jfreechart-master\src\test\java\org\jfree\data\statistics\RegressionTest.java, org.jfree.data.statistics, RegressionTest, 134, 16, 8.375000
.\jfreechart-master\src\test\java\org\jfree\data\statistics\SimpleHistogramBinTest.java, org.jfree.data.statistics, SimpleHistogramBinTest, 89, 39, 2.282051
.\jfreechart-master\src\test\java\org\jfree\data\statistics\SimpleHistogramDatasetTest.java, org.jfree.data.statistics, SimpleHistogramDatasetTest, 54, 12, 4.500000
.\jfreechart-master\src\test\java\org\jfree\data\statistics\StatisticsTest.java, org.jfree.data.statistics, StatisticsTest, 296, 47, 6.297873
.\jfreechart-master\src\test\java\org\jfree\data\time\DateRangeTest.java, org.jfree.data.time, DateRangeTest, 43, 10, 4.300000
.\jfreechart-master\src\test\java\org\jfree\data\time\DayTest.java, org.jfree.data.time, DayTest, 359, 61, 5.885246
.\jfreechart-master\src\test\java\org\jfree\data\time\FixedMillisecondTest.java, org.jfree.data.time, FixedMillisecondTest, 36, 5, 7.200000
.\jfreechart-master\src\test\java\org\jfree\data\time\HourTest.java, org.jfree.data.time, HourTest, 326, 64, 5.093750
.\jfreechart-master\src\test\java\org\jfree\data\time\MillisecondTest.java, org.jfree.data.time, MillisecondTest, 333, 79, 4.215190
.\jfreechart-master\src\test\java\org\jfree\data\time\MinuteTest.java, org.jfree.data.time, MinuteTest, 316, 64, 4.937500
.\jfreechart-master\src\test\java\org\jfree\data\time\MonthTest.java, org.jfree.data.time, MonthTest, 374, 58, 6.448276
.\jfreechart-master\src\test\java\org\jfree\data\time\MovingAverageTest.java, org.jfree.data.time, MovingAverageTest, 41, 8, 5.125000
.\jfreechart-master\src\test\java\org\jfree\data\time\QuarterTest.java, org.jfree.data.time, QuarterTest, 388, 60, 6.466667
.\jfreechart-master\src\test\java\org\jfree\data\time\SecondTest.java, org.jfree.data.time, SecondTest, 312, 69, 4.521739
.\jfreechart-master\src\test\java\org\jfree\data\time\SimpleTimePeriodTest.java, org.jfree.data.time, SimpleTimePeriodTest, 95, 21, 4.523809
.\jfreechart-master\src\test\java\org\jfree\data\time\TimePeriodAnchorTest.java, org.jfree.data.time, TimePeriodAnchorTest, 18, 4, 4.500000
.\jfreechart-master\src\test\java\org\jfree\data\time\TimePeriodValuesCollectionTest.java, org.jfree.data.time, TimePeriodValuesCollectionTest, 124, 26, 4.769231
.\jfreechart-master\src\test\java\org\jfree\data\time\TimePeriodValuesTest.java, org.jfree.data.time, TimePeriodValuesTest, 185, 39, 4.743590
.\jfreechart-master\src\test\java\org\jfree\data\time\TimePeriodValueTest.java, org.jfree.data.time, TimePeriodValueTest, 35, 7, 5.000000
.\jfreechart-master\src\test\java\org\jfree\data\time\TimeSeriesCollectionTest.java, org.jfree.data.time, TimeSeriesCollectionTest, 314, 81, 3.876543
.\jfreechart-master\src\test\java\org\jfree\data\time\TimeSeriesDataItemTest.java, org.jfree.data.time, TimeSeriesDataItemTest, 32, 6, 5.333333
.\jfreechart-master\src\test\java\org\jfree\data\time\TimeSeriesTest.java, org.jfree.data.time, TimeSeriesTest, 805, 214, 3.761682
.\jfreechart-master\src\test\java\org\jfree\data\time\TimeTableXYDatasetTest.java, org.jfree.data.time, TimeTableXYDatasetTest, 85, 25, 3.400000
.\jfreechart-master\src\test\java\org\jfree\data\time\WeekTest.java, org.jfree.data.time, WeekTest, 456, 71, 6.422535
.\jfreechart-master\src\test\java\org\jfree\data\time\YearTest.java, org.jfree.data.time, YearTest, 328, 47, 6.978724
.\jfreechart-master\src\test\java\org\jfree\data\time\ohlc\OHLCItemTest.java, org.jfree.data.time.ohlc, OHLCItemTest, 68, 23, 2.956522
.\jfreechart-master\src\test\java\org\jfree\data\time\ohlc\OHLCSeriesCollectionTest.java, org.jfree.data.time.ohlc, OHLCSeriesCollectionTest, 136, 23, 5.913043
.\jfreechart-master\src\test\java\org\jfree\data\time\ohlc\OHLCSeriesTest.java, org.jfree.data.time.ohlc, OHLCSeriesTest, 146, 36, 4.055555
.\jfreechart-master\src\test\java\org\jfree\data\time\ohlc\OHLCTest.java, org.jfree.data.time.ohlc, OHLCTest, 48, 13, 3.692308
.\jfreechart-master\src\test\java\org\jfree\data\xy\CategoryTableXYDatasetTest.java, org.jfree.data.xy, CategoryTableXYDatasetTest, 101, 38, 2.657895
.\jfreechart-master\src\test\java\org\jfree\data\xy\DefaultHighLowDatasetTest.java, org.jfree.data.xy, DefaultHighLowDatasetTest, 111, 21, 5.285714
.\jfreechart-master\src\test\java\org\jfree\data\xy\DefaultIntervalXYDatasetTest.java, org.jfree.data.xy, DefaultIntervalXYDatasetTest, 218, 71, 3.070423
.\jfreechart-master\src\test\java\org\jfree\data\xy\DefaultOHLCDatasetTest.java, org.jfree.data.xy, DefaultOHLCDatasetTest, 78, 17, 4.588235
.\jfreechart-master\src\test\java\org\jfree\data\xy\DefaultTableXYDatasetTest.java, org.jfree.data.xy, DefaultTableXYDatasetTest, 111, 31, 3.580645
.\jfreechart-master\src\test\java\org\jfree\data\xy\DefaultWindDatasetTest.java, org.jfree.data.xy, DefaultWindDatasetTest, 91, 21, 4.333333
.\jfreechart-master\src\test\java\org\jfree\data\xy\DefaultXYDatasetTest.java, org.jfree.data.xy, DefaultXYDatasetTest, 123, 28, 4.392857
.\jfreechart-master\src\test\java\org\jfree\data\xy\DefaultXYZDatasetTest.java, org.jfree.data.xy, DefaultXYZDatasetTest, 129, 28, 4.607143
.\jfreechart-master\src\test\java\org\jfree\data\xy\IntervalXYDelegateTest.java, org.jfree.data.xy, IntervalXYDelegateTest, 56, 12, 4.666667
.\jfreechart-master\src\test\java\org\jfree\data\xy\MatrixSeriesCollectionTest.java, org.jfree.data.xy, MatrixSeriesCollectionTest, 52, 10, 5.200000
.\jfreechart-master\src\test\java\org\jfree\data\xy\MatrixSeriesTest.java, org.jfree.data.xy, MatrixSeriesTest, 88, 32, 2.750000
.\jfreechart-master\src\test\java\org\jfree\data\xy\OHLCDataItemTest.java, org.jfree.data.xy, OHLCDataItemTest, 27, 4, 6.750000
.\jfreechart-master\src\test\java\org\jfree\data\xy\TableXYDatasetTest.java, org.jfree.data.xy, TableXYDatasetTest, 133, 34, 3.911765
.\jfreechart-master\src\test\java\org\jfree\data\xy\VectorDataItemTest.java, org.jfree.data.xy, VectorDataItemTest, 53, 16, 3.312500
.\jfreechart-master\src\test\java\org\jfree\data\xy\VectorSeriesCollectionTest.java, org.jfree.data.xy, VectorSeriesCollectionTest, 80, 21, 3.809524
.\jfreechart-master\src\test\java\org\jfree\data\xy\VectorSeriesTest.java, org.jfree.data.xy, VectorSeriesTest, 160, 48, 3.333333
.\jfreechart-master\src\test\java\org\jfree\data\xy\VectorTest.java, org.jfree.data.xy, VectorTest, 41, 10, 4.100000
.\jfreechart-master\src\test\java\org\jfree\data\xy\XIntervalDataItemTest.java, org.jfree.data.xy, XIntervalDataItemTest, 53, 18, 2.944444
.\jfreechart-master\src\test\java\org\jfree\data\xy\XIntervalSeriesCollectionTest.java, org.jfree.data.xy, XIntervalSeriesCollectionTest, 99, 17, 5.823529
.\jfreechart-master\src\test\java\org\jfree\data\xy\XIntervalSeriesTest.java, org.jfree.data.xy, XIntervalSeriesTest, 174, 51, 3.411765
.\jfreechart-master\src\test\java\org\jfree\data\xy\XYBarDatasetTest.java, org.jfree.data.xy, XYBarDatasetTest, 65, 9, 7.222222
.\jfreechart-master\src\test\java\org\jfree\data\xy\XYCoordinateTest.java, org.jfree.data.xy, XYCoordinateTest, 41, 10, 4.100000
.\jfreechart-master\src\test\java\org\jfree\data\xy\XYDataItemTest.java, org.jfree.data.xy, XYDataItemTest, 32, 8, 4.000000
.\jfreechart-master\src\test\java\org\jfree\data\xy\XYIntervalDataItemTest.java, org.jfree.data.xy, XYIntervalDataItemTest, 68, 24, 2.833333
.\jfreechart-master\src\test\java\org\jfree\data\xy\XYIntervalSeriesCollectionTest.java, org.jfree.data.xy, XYIntervalSeriesCollectionTest, 94, 17, 5.529412
.\jfreechart-master\src\test\java\org\jfree\data\xy\XYIntervalSeriesTest.java, org.jfree.data.xy, XYIntervalSeriesTest, 169, 53, 3.188679
.\jfreechart-master\src\test\java\org\jfree\data\xy\XYIntervalTest.java, org.jfree.data.xy, XYIntervalTest, 43, 13, 3.307692
.\jfreechart-master\src\test\java\org\jfree\data\xy\XYSeriesCollectionTest.java, org.jfree.data.xy, XYSeriesCollectionTest, 326, 94, 3.468085
.\jfreechart-master\src\test\java\org\jfree\data\xy\XYSeriesTest.java, org.jfree.data.xy, XYSeriesTest, 513, 187, 2.743315
.\jfreechart-master\src\test\java\org\jfree\data\xy\YIntervalDataItemTest.java, org.jfree.data.xy, YIntervalDataItemTest, 53, 18, 2.944444
.\jfreechart-master\src\test\java\org\jfree\data\xy\YIntervalSeriesCollectionTest.java, org.jfree.data.xy, YIntervalSeriesCollectionTest, 88, 13, 6.769231
.\jfreechart-master\src\test\java\org\jfree\data\xy\YIntervalSeriesTest.java, org.jfree.data.xy, YIntervalSeriesTest, 158, 47, 3.361702
.\jfreechart-master\src\test\java\org\jfree\data\xy\YIntervalTest.java, org.jfree.data.xy, YIntervalTest, 35, 9, 3.888889
.\jfreechart-master\src\test\java\org\jfree\data\xy\YWithXIntervalTest.java, org.jfree.data.xy, YWithXIntervalTest, 35, 9, 3.888889
